{"_runtime": 284.42711782455444, "_timestamp": 1594223217.5704942, "_step": 999, "Train_loss": 138.08032989501953, "Test_loss": 196.79078674316406, "distance": {"_type": "plotly-file", "path": "media/plotly/distance_990_f0d5ffa7.plotly.json", "sha256": "f0d5ffa7fd800e8208493e383c6d65ee90baa228aef9fcedc5dfe30934eb80bc", "size": 34401}}
