{"_step": 549, "_runtime": 575.9228701591492, "Train_loss": 0.15774211713245936, "_timestamp": 1592528775.6304104, "Test_loss": 0.15624361417510294}
