{"_runtime": 577.6118493080139, "Train_loss": 89.58067512512207, "Test_loss": 177.06268310546875, "distance": {"_type": "plotly-file", "path": "media/plotly/distance_1890_1d517d1c.plotly.json", "sha256": "1d517d1c8c2b204870235e81f7a61f1000db3d5e14c9cfa6e3584d42c9cac1c5", "size": 34396}, "_step": 1899, "_timestamp": 1594236697.3991156}
