{"Train_loss": 83.10500144958496, "_timestamp": 1594267511.245194, "_step": 1999, "Test_loss": 151.66070556640625, "_runtime": 568.7130317687988, "distance": {"_type": "plotly-file", "path": "media/plotly/distance_1990_4162feb5.plotly.json", "sha256": "4162feb5212240d5308ba409e99e4491db5421a056f16a5bb824fc2808534e30", "size": 34608}}
