{"Test_loss": 186.64187622070312, "_runtime": 590.7910466194153, "_step": 1999, "Train_loss": 119.58244514465332, "distance": {"_type": "plotly-file", "path": "media/plotly/distance_1990_99d4272c.plotly.json", "sha256": "99d4272ce865520ecb3a535e31ae016fc35877da4afd219219db797cedaa8a2b", "size": 34397}, "_timestamp": 1594246710.543805}
