{"distance": {"_type": "plotly-file", "path": "media/plotly/distance_1690_1ccba538.plotly.json", "sha256": "1ccba5388677f097a757d83d06686ae83df384581db1787f9a74d343fb0a3db8", "size": 34361}, "Test_loss": 178.0814208984375, "_step": 1699, "_timestamp": 1594225614.0601554, "_runtime": 577.795999288559, "Train_loss": 123.2452278137207}
