{"_timestamp": 1605134310.604703, "_step": 2800, "_runtime": 337.3933575153351, "Loss": 3356.4443359375}
