{"_step": 299, "Train_loss": 182.47958374023438, "_runtime": 118.62192940711975, "_timestamp": 1594222908.67287, "Test_loss": 231.7067108154297, "distance": {"_type": "plotly-file", "path": "media/plotly/distance_290_56ce0b24.plotly.json", "sha256": "56ce0b249ef9a363e4c218dec498bb4edd874c0dc58316d4bd927e5a9321a4f6", "size": 34396}}
