{"_runtime": 444.3144600391388, "_step": 1399, "Test_loss": 172.45997619628906, "_timestamp": 1594224240.3965695, "Train_loss": 102.66758155822754, "distance": {"_type": "plotly-file", "path": "media/plotly/distance_1390_3dd11bf3.plotly.json", "sha256": "3dd11bf3b864600a8a4975c7b4c1a57b3a3d41ee665542c7d06716ff9f70462a", "size": 34418}}
