{"Train_loss": 89.18898391723633, "Test_loss": 157.09255981445312, "distance": {"_type": "plotly-file", "path": "media/plotly/distance_1990_d8cee901.plotly.json", "sha256": "d8cee9011aad847ec8691adb5f7fedefcffd513e0d33080b4ccc01a719d839ac", "size": 34368}, "_timestamp": 1594249701.402326, "_runtime": 551.7941811084747, "_step": 1999}
