{"Train_loss": 0.199145395308733, "Test_loss": 0.29489684104919434, "_runtime": 155.43492364883423, "_timestamp": 1594072877.9280467, "_step": 99, "distance": {"_type": "plotly-file", "path": "media/plotly/distance_90_c32a1011.plotly.json", "sha256": "c32a1011816157cf5a657b8c9949c74f99d445fff16e42a8a6e3171430169b0d", "size": 36180}}
