{"_timestamp": 1605145997.33121, "_runtime": 11856.090108633041, "_step": 100000, "Loss": 1243.6014404296875}
